showRoutes, 04/30/2019 18:52:23
showStations, 04/30/2019 18:52:26
showVehicles, 04/30/2019 18:52:28
showStations, 04/30/2019 19:15:07
showStations, 04/30/2019 19:54:02
showStations, 04/30/2019 19:54:17
showLinks, 04/30/2019 19:54:20
showStations, 04/30/2019 19:54:32
showLinks, 04/30/2019 19:54:33
showStations, 04/30/2019 19:56:10
showLinks, 04/30/2019 19:56:11
showStations, 04/30/2019 19:56:13
showLinks, 04/30/2019 19:56:14
showStations, 04/30/2019 19:56:18
showLinks, 04/30/2019 19:56:19
showRoutes, 04/30/2019 20:07:29
showVehicles, 04/30/2019 20:28:02
showRoutes, 04/30/2019 20:28:09
showStations, 04/30/2019 20:28:12
showVehicles, 04/30/2019 20:28:36
